<?xml version="1.0" encoding="UTF-8"?>
<metadata xml:lang="es"><Esri><CreaDate>20211117</CreaDate><CreaTime>13595800</CreaTime><ArcGISFormat>1.0</ArcGISFormat><SyncOnce>TRUE</SyncOnce><DataProperties><lineage><Process Name="Add Field (4)" ToolSource="c:\program files (x86)\arcgis\desktop10.8\ArcToolbox\Toolboxes\Data Management Tools.tbx\AddField" Date="20211117" Time="135958">AddField AEM_IVU_2016 Decil_IVU SHORT # # # # NULLABLE NON_REQUIRED #</Process><Process Name="Calculate Field (4)" ToolSource="c:\program files (x86)\arcgis\desktop10.8\ArcToolbox\Toolboxes\Data Management Tools.tbx\CalculateField" Date="20211117" Time="135958">CalculateField AEM_IVU_2016 Decil_IVU [Decil_sim] VB #</Process><Process Name="Add Field (5)" ToolSource="c:\program files (x86)\arcgis\desktop10.8\ArcToolbox\Toolboxes\Data Management Tools.tbx\AddField" Date="20211117" Time="135958">AddField AEM_IVU_2016 Decil_IVR SHORT # # # # NULLABLE NON_REQUIRED #</Process><Process Name="Calculate Field (5)" ToolSource="c:\program files (x86)\arcgis\desktop10.8\ArcToolbox\Toolboxes\Data Management Tools.tbx\CalculateField" Date="20211117" Time="135958">CalculateField AEM_IVU_2016 Decil_IVR [DecRes] VB #</Process><Process Name="Add Field (6)" ToolSource="c:\program files (x86)\arcgis\desktop10.8\ArcToolbox\Toolboxes\Data Management Tools.tbx\AddField" Date="20211117" Time="135958">AddField AEM_IVU_2016 Decil_IVS SHORT # # # # NULLABLE NON_REQUIRED #</Process><Process Name="Calculate Field (6)" ToolSource="c:\program files (x86)\arcgis\desktop10.8\ArcToolbox\Toolboxes\Data Management Tools.tbx\CalculateField" Date="20211117" Time="135959">CalculateField AEM_IVU_2016 Decil_IVS [DecSoc] VB #</Process><Process Name="Delete Field (2)" ToolSource="c:\program files (x86)\arcgis\desktop10.8\ArcToolbox\Toolboxes\Data Management Tools.tbx\DeleteField" Date="20211117" Time="135959">DeleteField AEM_IVU_2016 CodiNAmbit;OID_;CODI_AMBIT;NOM_AMBIT;DEM_estudi;DEM_estran;DEM_gentG;ECO_atur;ECO_peons;ECO_baixes;ESP_ruinos;ESP_antig;ESP_dens;URB_interv;URB_noRA;URB_llogue;CODI;VDemo;VEcon;VEspacial;VUrbana;decils;Decil_sim;Decil_Com;DecRes;DecSoc</Process><Process Name="Delete Field (2)" ToolSource="c:\program files (x86)\arcgis\desktop10.8\ArcToolbox\Toolboxes\Data Management Tools.tbx\DeleteField" Date="20211117" Time="140113">DeleteField AEM_IVU_2016 Poblacio;CodiNAmbit;OID_;CODI_AMBIT;Anys;NOM_AMBIT;DEM_estudi;DEM_estran;DEM_gentG;ECO_atur;ECO_peons;ECO_baixes;ESP_ruinos;ESP_antig;ESP_dens;URB_interv;URB_noRA;URB_llogue;CODI;VDemo;VEcon;VEspacial;VUrbana;decils;Decil_sim;Decil_Com;DecRes;DecSoc</Process></lineage></DataProperties></Esri></metadata>
