<?xml version="1.0" encoding="UTF-8"?>
<metadata xml:lang="es"><Esri><CreaDate>20211117</CreaDate><CreaTime>13595900</CreaTime><ArcGISFormat>1.0</ArcGISFormat><SyncOnce>TRUE</SyncOnce><DataProperties><lineage><Process Name="Add Field (7)" ToolSource="c:\program files (x86)\arcgis\desktop10.8\ArcToolbox\Toolboxes\Data Management Tools.tbx\AddField" Date="20211117" Time="135959">AddField AEM_IVU_2017 Decil_IVU SHORT # # # # NULLABLE NON_REQUIRED #</Process><Process Name="Calculate Field (7)" ToolSource="c:\program files (x86)\arcgis\desktop10.8\ArcToolbox\Toolboxes\Data Management Tools.tbx\CalculateField" Date="20211117" Time="135959">CalculateField AEM_IVU_2017 Decil_IVU [Decil_sim] VB #</Process><Process Name="Add Field (8)" ToolSource="c:\program files (x86)\arcgis\desktop10.8\ArcToolbox\Toolboxes\Data Management Tools.tbx\AddField" Date="20211117" Time="135959">AddField AEM_IVU_2017 Decil_IVR SHORT # # # # NULLABLE NON_REQUIRED #</Process><Process Name="Calculate Field (8)" ToolSource="c:\program files (x86)\arcgis\desktop10.8\ArcToolbox\Toolboxes\Data Management Tools.tbx\CalculateField" Date="20211117" Time="135959">CalculateField AEM_IVU_2017 Decil_IVR [DecRes] VB #</Process><Process Name="Add Field (9)" ToolSource="c:\program files (x86)\arcgis\desktop10.8\ArcToolbox\Toolboxes\Data Management Tools.tbx\AddField" Date="20211117" Time="135959">AddField AEM_IVU_2017 Decil_IVS SHORT # # # # NULLABLE NON_REQUIRED #</Process><Process Name="Calculate Field (9)" ToolSource="c:\program files (x86)\arcgis\desktop10.8\ArcToolbox\Toolboxes\Data Management Tools.tbx\CalculateField" Date="20211117" Time="135959">CalculateField AEM_IVU_2017 Decil_IVS [DecSoc] VB #</Process><Process Name="Delete Field (3)" ToolSource="c:\program files (x86)\arcgis\desktop10.8\ArcToolbox\Toolboxes\Data Management Tools.tbx\DeleteField" Date="20211117" Time="140000">DeleteField AEM_IVU_2017 CodiNAmbit;OID_;CODI_AMBIT;NOM_AMBIT;DEM_estudi;DEM_estran;DEM_gentG;ECO_atur;ECO_peons;ECO_baixes;ESP_ruinos;ESP_antig;ESP_dens;URB_interv;URB_noRA;URB_llogue;CODI;VDemo;VEcon;VEspacial;VUrbana;decils;Decil_sim;Decil_Com;DecRes;DecSoc</Process><Process Name="Delete Field (3)" ToolSource="c:\program files (x86)\arcgis\desktop10.8\ArcToolbox\Toolboxes\Data Management Tools.tbx\DeleteField" Date="20211117" Time="140113">DeleteField AEM_IVU_2017 Poblacio;CodiNAmbit;OID_;CODI_AMBIT;Anys;NOM_AMBIT;DEM_estudi;DEM_estran;DEM_gentG;ECO_atur;ECO_peons;ECO_baixes;ESP_ruinos;ESP_antig;ESP_dens;URB_interv;URB_noRA;URB_llogue;CODI;VDemo;VEcon;VEspacial;VUrbana;decils;Decil_sim;Decil_Com;DecRes;DecSoc</Process></lineage></DataProperties></Esri></metadata>
